id,Department,Agency/Office,Included,Source,url
1,U.S. Department of Veterans Affairs,Office of Diversity and Inclusion,yes,usa gov search,http://www.diversity.va.gov/org/lgbt.aspx
2,U.S. Department of Veterans Affairs,Office of Diversity and Inclusion,yes,usa gov search,http://www.diversity.va.gov/programs/lgbt.aspx
3,U.S. Department of Health and Human Services,National Institutes of Health,yes,usa gov search,https://aidsinfo.nih.gov/guidelines/html/1/adult-and-adolescent-arv/538/transgender-people-with-hiv
4,U.S. Department of Health and Human Services,National Institutes of Health,yes,usa gov search,https://aidsinfo.nih.gov/understanding-hiv-aids/fact-sheets/25/81/hiv-and-gay-and-bisexual-men
5,U.S. Department of Health and Human Services,National Institutes of Health,yes,wip search,https://aidsinfo.nih.gov/understanding-hiv-aids/glossary/3314/lgbtq
6,U.S. Department of Education,Education Resources Information Center,yes,usa gov search,https://eric.ed.gov/?id=ED412049
7,U.S. Department of Education,Education Resources Information Center,yes,usa gov search,https://eric.ed.gov/?id=ED498753
8,U.S. Department of Health and Human Services,National Health Information Center,yes,usa gov search,https://healthfinder.gov/FindServices/Organizations/Organization.aspx?code=HR3450
9,U.S. Department of Health and Human Services,National Health Information Center,yes,usa gov search,https://healthfinder.gov/FindServices/SearchContext.aspx?topic=2860&Service=148
10,U.S. Department of Health and Human Services,Administration for Community Living,yes,usa gov search,https://longtermcare.acl.gov/the-basics/lgbt/lgbt-housing-financial-legal-matters.html
11,U.S. Department of Health and Human Services,Health Resources and & Services Administration,yes,usa gov search,https://mchb.hrsa.gov/whusa11/hstat/hssp/pages/234lbw.html
12,U.S. Department of Health and Human Services,Health Resources and & Services Administration,yes,usa gov search,https://mchb.hrsa.gov/whusa13/health-status/special-populations/p/lesbian-bisexual-women.html
13,U.S. Department of Health and Human Services,U.S. National Library of Medicine,yes,usa gov search,https://medlineplus.gov/ency/article/001527.htm
14,U.S. Department of Health and Human Services,U.S. National Library of Medicine,yes,usa gov search,https://medlineplus.gov/gaylesbianbisexualandtransgenderhealth.html
15,U.S. Department of Health and Human Services,Office of Minority Health,yes,wip search,https://minorityhealth.hhs.gov/omh/browse.aspx?lvl=3&lvlid=57
16,U.S. Department of Justice,National Institute of Corrections,yes,wip search,https://nicic.gov/lgbtq-youth-color-discipline-disparities-school-push-out-and-school-prison-pipeline
17,U.S. Department of Justice,National Institute of Corrections,yes,wip search,https://nicic.gov/lgbtqi-juveniles
18,U.S. Department of Health and Human Services,NATIONAL NETWORK OF LIBRARIES OF MEDICINE,yes,usa gov search,https://nnlm.gov/all-of-us/nnlm-reading-club-selection-guide/lgbtq-pride-month
19,U.S. Department of Health and Human Services,NATIONAL NETWORK OF LIBRARIES OF MEDICINE,yes,wip search,https://nnlm.gov/class/beyond-sea-lgbtq-communities-your-best-resource-reduce-health-disparities/8405
20,U.S. Department of Health and Human Services,NATIONAL NETWORK OF LIBRARIES OF MEDICINE,yes,usa gov search,https://nnlm.gov/class/caring-lgbtq-youth/11613
21,U.S. Department of Health and Human Services,NATIONAL NETWORK OF LIBRARIES OF MEDICINE,yes,wip search,https://nnlm.gov/classes/LGBTQ%2BHealth
22,U.S. Department of Justice,Office for Victims of Crime,yes,usa gov search,https://ovc.ncjrs.gov/topic.aspx?topicid=109
23,U.S. Department of Health and Human Services,US Department of Health and Human Services,yes,usa gov search,https://thisfreelife.betobaccofree.hhs.gov/our-story/lgbt-qa
24,U.S. Department of State,Bureau of Consular Affairs,yes,usa gov search,https://travel.state.gov/content/travel/en/Intercountry-Adoption/Adoption-Process/before-you-adopt/LGBTI-adoption-resources.html
25,U.S. Department of State,Bureau of Consular Affairs,yes,usa gov search,https://travel.state.gov/content/travel/en/international-travel/before-you-go/travelers-with-special-considerations/lgbti.html
26,U.S. Department of Health and Human Services,Office of Refugee Resettlement,yes,wip search,https://www.acf.hhs.gov/orr/resource/state-letter-15-06
27,U.S. Department of Justice,Civil Rights Division,yes,usa gov search,https://www.ada.gov/hiv/lgbti_brochure.html
28,U.S. Department of Veterans Affairs,U.S. Department of Veterans Affairs,yes,usa gov search,https://www.asheville.va.gov/LGBT.asp
29,U.S. Department of Veterans Affairs,U.S. Department of Veterans Affairs,yes,usa gov search,https://www.benefits.va.gov/persona/lgbt.asp
30,U.S. Department of Veterans Affairs,U.S. Department of Veterans Affairs,yes,usa gov search,https://www.buffalo.va.gov/services/lgbt/index.asp
31,U.S. Department of Health and Human Services,Centers for Disease Control and Prevention,yes,usa gov search,https://www.cdc.gov/actagainstaids/campaigns/transforminghealth/healthcareproviders/sexual-history.html
32,U.S. Department of Health and Human Services,Centers for Disease Control and Prevention,yes,usa gov search,https://www.cdc.gov/actagainstaids/campaigns/transforminghealth/index.html
33,U.S. Department of Health and Human Services,Centers for Disease Control and Prevention,yes,usa gov search,https://www.cdc.gov/actagainstaids/campaigns/transforminghealth/transgenderwomen/index.html
34,U.S. Department of Health and Human Services,Centers for Disease Control and Prevention,yes,usa gov search,https://www.cdc.gov/Features/NGMHAAD/index.html
35,U.S. Department of Health and Human Services,Centers for Disease Control and Prevention,yes,usa gov search,https://www.cdc.gov/healthyyouth/disparities/lgbtprotectivefactors.htm
36,U.S. Department of Health and Human Services,Centers for Disease Control and Prevention,yes,usa gov search,https://www.cdc.gov/hepatitis/populations/GayAndBisexualMen.htm
37,U.S. Department of Health and Human Services,Centers for Disease Control and Prevention,yes,usa gov search,https://www.cdc.gov/hiv/group/gender/transgender/index.html
38,U.S. Department of Health and Human Services,Centers for Disease Control and Prevention,yes,usa gov search,https://www.cdc.gov/hiv/group/msm/bmsm.html
39,U.S. Department of Health and Human Services,Centers for Disease Control and Prevention,yes,usa gov search,https://www.cdc.gov/hiv/group/msm/index.html
40,U.S. Department of Health and Human Services,Centers for Disease Control and Prevention,yes,usa gov search,https://www.cdc.gov/hiv/risk/prep/index.html
41,U.S. Department of Health and Human Services,Centers for Disease Control and Prevention,yes,usa gov search,https://www.cdc.gov/hiv/statistics/overview/ataglance.html
42,U.S. Department of Health and Human Services,Centers for Disease Control and Prevention,yes,wip search,https://www.cdc.gov/lgbthealth/
43,U.S. Department of Health and Human Services,Centers for Disease Control and Prevention,yes,usa gov search,https://www.cdc.gov/lgbthealth/about.htm
44,U.S. Department of Health and Human Services,Centers for Disease Control and Prevention,yes,usa gov search,https://www.cdc.gov/lgbthealth/health-services.htm
45,U.S. Department of Health and Human Services,Centers for Disease Control and Prevention,yes,usa gov search,https://www.cdc.gov/lgbthealth/index.htm
46,U.S. Department of Health and Human Services,Centers for Disease Control and Prevention,yes,usa gov search,https://www.cdc.gov/lgbthealth/links.htm
47,U.S. Department of Health and Human Services,Centers for Disease Control and Prevention,yes,usa gov search,https://www.cdc.gov/lgbthealth/transgender.htm
48,U.S. Department of Health and Human Services,Centers for Disease Control and Prevention,yes,usa gov search,https://www.cdc.gov/lgbthealth/women.htm
49,U.S. Department of Health and Human Services,Centers for Disease Control and Prevention,yes,wip search,https://www.cdc.gov/lgbthealth/youth-programs.htm
50,U.S. Department of Health and Human Services,Centers for Disease Control and Prevention,yes,wip search,https://www.cdc.gov/lgbthealth/youth-resources.htm
51,U.S. Department of Health and Human Services,Centers for Disease Control and Prevention,yes,usa gov search,https://www.cdc.gov/lgbthealth/youth-resources.htm/
52,U.S. Department of Health and Human Services,Centers for Disease Control and Prevention,yes,usa gov search,https://www.cdc.gov/lgbthealth/youth.htm
53,U.S. Department of Health and Human Services,Centers for Disease Control and Prevention,yes,usa gov search,https://www.cdc.gov/mmwr/volumes/66/wr/mm6631a3.htm
54,U.S. Department of Health and Human Services,Centers for Disease Control and Prevention,yes,usa gov search,https://www.cdc.gov/mmwr/volumes/68/wr/mm6803a3.htm
55,U.S. Department of Health and Human Services,Centers for Disease Control and Prevention,yes,usa gov search,https://www.cdc.gov/msmhealth/for-your-health.htm
56,U.S. Department of Health and Human Services,Centers for Disease Control and Prevention,yes,usa gov search,https://www.cdc.gov/msmhealth/HIV.htm
57,U.S. Department of Health and Human Services,Centers for Disease Control and Prevention,yes,usa gov search,https://www.cdc.gov/msmhealth/index.htm
58,U.S. Department of Health and Human Services,Centers for Disease Control and Prevention,yes,usa gov search,https://www.cdc.gov/msmhealth/mental-health.htm
59,U.S. Department of Health and Human Services,Centers for Disease Control and Prevention,yes,wip search,https://www.cdc.gov/msmhealth/resources/national-organizations.htm
60,U.S. Department of Health and Human Services,Centers for Disease Control and Prevention,yes,usa gov search,https://www.cdc.gov/msmhealth/STD.htm
61,U.S. Department of Health and Human Services,Centers for Disease Control and Prevention,yes,usa gov search,https://www.cdc.gov/msmhealth/stigma-and-discrimination.htm
62,U.S. Department of Health and Human Services,Centers for Disease Control and Prevention,yes,usa gov search,https://www.cdc.gov/msmhealth/substance-abuse.htm
63,U.S. Department of Health and Human Services,Centers for Disease Control and Prevention,yes,usa gov search,https://www.cdc.gov/msmhealth/suicide-violence-prevention.htm
64,U.S. Department of Health and Human Services,Centers for Disease Control and Prevention,yes,usa gov search,https://www.cdc.gov/msmhealth/viral-hepatitis.htm
65,U.S. Department of Health and Human Services,Centers for Disease Control and Prevention,yes,usa gov search,https://www.cdc.gov/std/default.htm
66,U.S. Department of Health and Human Services,Centers for Disease Control and Prevention,yes,usa gov search,https://www.cdc.gov/std/life-stages-populations/msm.htm
67,U.S. Department of Health and Human Services,Centers for Disease Control and Prevention,yes,usa gov search,https://www.cdc.gov/std/life-stages-populations/stdfact-msm.htm
68,U.S. Department of Health and Human Services,Centers for Disease Control and Prevention,yes,usa gov search,https://www.cdc.gov/std/syphilis/STDFact-MSM-Syphilis.htm
69,U.S. Department of Health and Human Services,Centers for Disease Control and Prevention,yes,usa gov search,https://www.cdc.gov/std/syphilis/whatYouCanDo.htm
70,U.S. Department of Health and Human Services,Centers for Disease Control and Prevention,yes,usa gov search,https://www.cdc.gov/std/tg2015/epididymitis.htm
71,U.S. Department of Health and Human Services,Centers for Disease Control and Prevention,yes,usa gov search,https://www.cdc.gov/tobacco/campaign/tips/groups/lgbt.html
72,U.S. Department of Health and Human Services,Centers for Disease Control and Prevention,yes,usa gov search,https://www.cdc.gov/tobacco/disparities/lgbt/index.htm
73,U.S. Department of Health and Human Services,Childrenâ€™s Bureau,yes,usa gov search,https://www.childwelfare.gov/pubs/factsheets/faq-lgbt/
74,U.S. Department of Health and Human Services,Children's Bureau,yes,usa gov search,https://www.childwelfare.gov/topics/adoption/adopt-ethics/types/lgbt/
75,U.S. Department of Health and Human Services,Children's Bureau,yes,usa gov search,https://www.childwelfare.gov/topics/adoption/adoptive/family-type/glbt-families/
76,U.S. Department of Health and Human Services,Children's Bureau,yes,usa gov search,https://www.childwelfare.gov/topics/systemwide/diverse-populations/lgbtq/
77,U.S. Department of Health and Human Services,Children's Bureau,yes,usa gov search,https://www.childwelfare.gov/topics/systemwide/diverse-populations/lgbtq/lgbt-families/
78,U.S. Department of Veterans Affairs,U.S. Department of Veterans Affairs,yes,usa gov search,https://www.columbus.va.gov/services/LGBTQ/index.asp
79,U.S. Department of Defense,U.S. Department of Defense,yes,usa gov search,https://www.defense.gov/explore/story/Article/1783822/5-things-to-know-about-dods-new-policy-on-military-service-by-transgender-perso/
80,U.S. Department of Defense,U.S. Department of Defense,yes,usa gov search,https://www.defense.gov/explore/story/Article/1874601/pentagon-celebrates-diversity-at-lgbt-pride-month-observance/
81,U.S. Department of Veterans Affairs,Office of Diversity and Inclusion,yes,usa gov search,https://www.diversity.va.gov/org/lgbt.aspx
82,U.S. Department of Veterans Affairs,Office of Diversity and Inclusion,yes,usa gov search,https://www.diversity.va.gov/programs/lgbt.aspx
83,U.S. Department of Labor,Office of the Assistant Secretary for Policy,yes,wip search,https://www.dol.gov/agencies/oasp/resources/lgbt-workers
84,U.S. Department of Labor,U.S. Department of Labor,yes,usa gov search,https://www.dol.gov/ofccp/LGBT/LGBT_FAQs.html
85,U.S. Department of Health and Human Services,National Institutes of Health,yes,usa gov search,https://www.drugabuse.gov/international/abstracts/creating-lesbian-gay-bisexual-transgender-queer-treatment-sensitive-substance-abuse-counselors
86,U.S. Department of Health and Human Services,National Institutes of Health,yes,usa gov search,https://www.drugabuse.gov/related-topics/substance-use-suds-in-lgbt-populations
87,U.S. Department of Health and Human Services,"National Institutes of Health | Office of Equity, Diversity, and Inclusion",yes,wip search,https://www.edi.nih.gov/people/sep/lgbti/ally-work
88,U.S. Department of Health and Human Services,"National Institutes of Health | Office of Equity, Diversity, and Inclusion",yes,wip search,https://www.edi.nih.gov/people/sep/lgbti/FAQ
89,U.S. Department of Health and Human Services,"National Institutes of Health | Office of Equity, Diversity, and Inclusion",yes,wip search,https://www.edi.nih.gov/people/sep/lgbti/research
90,U.S. Department of Health and Human Services,"National Institutes of Health | Office of Equity, Diversity, and Inclusion",yes,wip search,https://www.edi.nih.gov/people/sep/lgbti/research/about
91,U.S. Department of Health and Human Services,"National Institutes of Health | Office of Equity, Diversity, and Inclusion",yes,wip search,https://www.edi.nih.gov/people/sep/lgbti/research/committee
92,U.S. Department of Health and Human Services,"National Institutes of Health | Office of Equity, Diversity, and Inclusion",yes,wip search,https://www.edi.nih.gov/people/sep/lgbti/research/programs
93,U.S. Department of Health and Human Services,"National Institutes of Health | Office of Equity, Diversity, and Inclusion",yes,wip search,https://www.edi.nih.gov/people/sep/lgbti/research/resources
94,U.S. Department of Health and Human Services,"National Institutes of Health | Office of Equity, Diversity, and Inclusion",yes,wip search,https://www.edi.nih.gov/people/sep/lgbti/resources/DOMA
95,U.S. Department of Health and Human Services,"National Institutes of Health | Office of Equity, Diversity, and Inclusion",yes,wip search,https://www.edi.nih.gov/people/sep/lgbti/resources/health
96,U.S. Department of Health and Human Services,"National Institutes of Health | Office of Equity, Diversity, and Inclusion",yes,wip search,https://www.edi.nih.gov/people/sep/lgbti/resources/terminology
97,U.S. Department of Health and Human Services,"National Institutes of Health | Office of Equity, Diversity, and Inclusion",yes,wip search,https://www.edi.nih.gov/people/sep/lgbti/safezone/about
98,U.S. Department of Health and Human Services,"National Institutes of Health | Office of Equity, Diversity, and Inclusion",yes,wip search,https://www.edi.nih.gov/people/sep/lgbti/safezone/methodology
99,U.S. Department of Health and Human Services,"National Institutes of Health | Office of Equity, Diversity, and Inclusion",yes,wip search,https://www.edi.nih.gov/people/sep/lgbti/safezone/questions-and-answers
100,U.S. Department of Health and Human Services,"National Institutes of Health | Office of Equity, Diversity, and Inclusion",yes,wip search,https://www.edi.nih.gov/people/sep/lgbti/safezone/terminology
101,U.S. Equal Employment Opportunity Commission,Equal Employment Opportunity Commission,yes,usa gov search,https://www.eeoc.gov/eeoc/chair/lgbtq_2019.cfm
102,U.S. Equal Employment Opportunity Commission,Equal Employment Opportunity Commission,yes,usa gov search,https://www.eeoc.gov/eeoc/messages/lgbt.cfm
103,U.S. Equal Employment Opportunity Commission,Equal Employment Opportunity Commission,yes,usa gov search,https://www.eeoc.gov/eeoc/publications/fs-bathroom-access-transgender.cfm
104,U.S. Equal Employment Opportunity Commission,Equal Employment Opportunity Commission,yes,usa gov search,https://www.eeoc.gov/federal/directives/lgbt_complaint_processing.cfm
105,U.S. Department of Health and Human Services,U.S. Centers for Medicare & Medicaid Services,yes,usa gov search,https://www.healthcare.gov/glossary/transgender-people/
106,U.S. Department of Health and Human Services,U.S. Centers for Medicare & Medicaid Services,yes,usa gov search,https://www.healthcare.gov/married-same-sex-couples-and-the-marketplace/
107,U.S. Department of Health and Human Services,U.S. Centers for Medicare & Medicaid Services,yes,usa gov search,https://www.healthcare.gov/transgender-health-care/
108,U.S. Department of Health and Human Services,Office of Disease Prevention and Health Promotion,yes,usa gov search,https://www.healthypeople.gov/2020/topics-objectives/topic/lesbian-gay-bisexual-and-transgender-health
109,U.S. Department of Health and Human Services,Office of Disease Prevention and Health Promotion,yes,usa gov search,https://www.healthypeople.gov/2020/topics-objectives/topic/lesbian-gay-bisexual-and-transgender-health/ebrs
110,U.S. Department of Health and Human Services,Office of Disease Prevention and Health Promotion,yes,usa gov search,https://www.healthypeople.gov/2020/topics-objectives/topic/lesbian-gay-bisexual-and-transgender-health/national-snapshot
111,U.S. Department of Health and Human Services,Office of Disease Prevention and Health Promotion,yes,usa gov search,https://www.healthypeople.gov/2020/topics-objectives/topic/lesbian-gay-bisexual-and-transgender-health/objectives
112,U.S. Department of Health and Human Services,Office of Disease Prevention and Health Promotion,yes,usa gov search,https://www.healthypeople.gov/node/3494/data-details
113,U.S. Department of Health and Human Services,U.S. Department of Health and Human Services,yes,usa gov search,https://www.hhs.gov/ash/oah/adolescent-development/healthy-relationships/lgbtq/index.html
114,U.S. Department of Health and Human Services,U.S. Department of Health and Human Services,yes,wip search,https://www.hhs.gov/programs/topic-sites/lgbt/accesstohealthcare/affordablecareact/index.html
115,U.S. Department of Health and Human Services,U.S. Department of Health and Human Services,yes,wip search,https://www.hhs.gov/programs/topic-sites/lgbt/accesstohealthcare/index.html
116,U.S. Department of Health and Human Services,U.S. Department of Health and Human Services,yes,wip search,https://www.hhs.gov/programs/topic-sites/lgbt/accesstohealthcare/nondiscrimination/index.html
117,U.S. Department of Health and Human Services,U.S. Department of Health and Human Services,yes,wip search,https://www.hhs.gov/programs/topic-sites/lgbt/better-information/index.html
118,U.S. Department of Health and Human Services,U.S. Department of Health and Human Services,yes,usa gov search,https://www.hhs.gov/programs/topic-sites/lgbt/enhanced-resources/competency-curricula/index.html
119,U.S. Department of Health and Human Services,U.S. Department of Health and Human Services,yes,usa gov search,https://www.hhs.gov/programs/topic-sites/lgbt/enhanced-resources/competency-training/index.html
120,U.S. Department of Health and Human Services,U.S. Department of Health and Human Services,yes,wip search,https://www.hhs.gov/programs/topic-sites/lgbt/enhanced-resources/index.html
121,U.S. Department of Health and Human Services,U.S. Department of Health and Human Services,yes,usa gov search,https://www.hhs.gov/programs/topic-sites/lgbt/index.html
122,U.S. Department of Health and Human Services,U.S. Department of Health and Human Services,yes,wip search,https://www.hiv.gov/events/awareness-days/transgender
123,U.S. Department of Health and Human Services,Minority HIV/AIDS Fund,yes,usa gov search,https://www.hiv.gov/hiv-basics/overview/data-and-trends/statistics
124,U.S. Department of Health and Human Services,Minority HIV/AIDS Fund,yes,usa gov search,https://www.hiv.gov/hiv-basics/overview/history/hiv-and-aids-timeline
125,U.S. Department of Health and Human Services,Minority HIV/AIDS Fund,yes,usa gov search,https://www.hiv.gov/topics/blackgay&bisexualmen
126,U.S. Department of Health and Human Services,Minority HIV/AIDS Fund,yes,usa gov search,https://www.hiv.gov/topics/gay&bisexualmen
127,U.S. Department of Health and Human Services,Minority HIV/AIDS Fund,yes,usa gov search,https://www.hiv.gov/topics/lgbt
128,U.S. Department of Health and Human Services,Minority HIV/AIDS Fund,yes,usa gov search,https://www.hiv.gov/topics/transgender
129,U.S. Department of Veterans Affairs,U.S. Department of Veterans Affairs,yes,usa gov search,https://www.houston.va.gov/services/lgbt/index.asp
130,U.S. Department of Housing and Urban Development ,U.S. Department of Housing and Urban Development ,yes,usa gov search,https://www.hud.gov/LGBT_resources
131,U.S. Department of Housing and Urban Development ,U.S. Department of Housing and Urban Development ,yes,wip search,https://www.hud.gov/program_offices/fair_housing_equal_opp/housing_discrimination_and_persons_identifying_lgbtq
132,U.S. Department of Housing and Urban Development ,HUD Exchange,yes,wip search,https://www.hudexchange.info/homelessness-assistance/resources-for-lgbt-homelessness/#resources-for-homeless-lgbt-individuals-in-crisis
133,U.S. Department of Housing and Urban Development ,Office of Policy Development and Research,yes,wip search,https://www.huduser.gov/portal/periodicals/cityscpe/vol20num3/article1.html
134,U.S. Department of Health and Human Services,Indian Health Service,yes,wip search,https://www.ihs.gov/lgbt/
135,U.S. Department of Health and Human Services,Indian Health Service,yes,usa gov search,https://www.ihs.gov/lgbt/culturalcompetence/
136,U.S. Department of Health and Human Services,Indian Health Service,yes,usa gov search,https://www.ihs.gov/lgbt/health/
137,U.S. Department of Health and Human Services,Indian Health Service,yes,usa gov search,https://www.ihs.gov/lgbt/health/transgender/
138,U.S. Department of Health and Human Services,Indian Health Service,yes,wip search,https://www.ihs.gov/lgbt/lgbtq2swg/
139,U.S. Department of Health and Human Services,Indian Health Service,yes,usa gov search,https://www.ihs.gov/lgbt/media/
140,U.S. Department of Health and Human Services,Indian Health Service,yes,usa gov search,https://www.ihs.gov/lgbt/trainings/
141,U.S. Department of Veterans Affairs,U.S. Department of Veterans Affairs,yes,usa gov search,https://www.lasvegas.va.gov/eeo/Lesbian_Gay_Bisexual_Transgender_LGBT_Program.asp
142,U.S. Department of Veterans Affairs,U.S. Department of Veterans Affairs,yes,usa gov search,https://www.lasvegas.va.gov/services/lgbt/index.asp
143,U.S. Department of Veterans Affairs,U.S. Department of Veterans Affairs,yes,usa gov search,https://www.mentalhealth.va.gov/lgbt/resources.asp
144,U.S. Department of Veterans Affairs,U.S. Department of Veterans Affairs,yes,usa gov search,https://www.miami.va.gov/services/lgbt/index.asp
145,U.S. Department of Veterans Affairs,U.S. Department of Veterans Affairs,yes,usa gov search,https://www.muskogee.va.gov/services/lgbt/index.asp
146,National Aeronautics and Space Administration,National Aeronautics and Space Administration,yes,usa gov search,https://www.nasa.gov/lgbt/
147,National Aeronautics and Space Administration,National Aeronautics and Space Administration,yes,wip search,https://www.nasa.gov/offices/odeo/LGBTQ-special-emphasis
148,U.S. Department of Health and Human Services,U.S. National Library of Medicine,yes,usa gov search,https://www.ncbi.nlm.nih.gov/books/NBK361118/
149,U.S. Department of Health and Human Services,U.S. National Library of Medicine,yes,usa gov search,https://www.ncbi.nlm.nih.gov/books/NBK45094/
150,U.S. Department of Health and Human Services,U.S. National Library of Medicine,yes,usa gov search,https://www.ncbi.nlm.nih.gov/books/NBK45095/
151,U.S. Department of Health and Human Services,U.S. National Library of Medicine,yes,usa gov search,https://www.ncbi.nlm.nih.gov/books/NBK45100/
152,U.S. Department of Health and Human Services,U.S. National Library of Medicine,yes,usa gov search,https://www.ncbi.nlm.nih.gov/books/NBK64802/
153,U.S. Department of Health and Human Services,U.S. National Library of Medicine,yes,usa gov search,https://www.ncbi.nlm.nih.gov/books/NBK64806/
154,U.S. Department of Health and Human Services,U.S. National Library of Medicine,yes,usa gov search,https://www.ncbi.nlm.nih.gov/books/NBK64810/
155,U.S. Department of Health and Human Services,U.S. National Library of Medicine,yes,usa gov search,https://www.ncbi.nlm.nih.gov/pmc/articles/PMC1022805/
156,U.S. Department of Health and Human Services,U.S. National Library of Medicine,yes,usa gov search,https://www.ncbi.nlm.nih.gov/pmc/articles/PMC1070935/
157,U.S. Department of Health and Human Services,U.S. National Library of Medicine,yes,usa gov search,https://www.ncbi.nlm.nih.gov/pmc/articles/PMC1114912/
158,U.S. Department of Health and Human Services,U.S. National Library of Medicine,yes,usa gov search,https://www.ncbi.nlm.nih.gov/pmc/articles/PMC1447160/
159,U.S. Department of Health and Human Services,U.S. National Library of Medicine,yes,usa gov search,https://www.ncbi.nlm.nih.gov/pmc/articles/PMC1449332/
160,U.S. Department of Health and Human Services,U.S. National Library of Medicine,yes,usa gov search,https://www.ncbi.nlm.nih.gov/pmc/articles/PMC1785208/
161,U.S. Department of Health and Human Services,U.S. National Library of Medicine,yes,usa gov search,https://www.ncbi.nlm.nih.gov/pmc/articles/PMC2000838/
162,U.S. Department of Health and Human Services,U.S. National Library of Medicine,yes,usa gov search,https://www.ncbi.nlm.nih.gov/pmc/articles/PMC2377303/
163,U.S. Department of Health and Human Services,U.S. National Library of Medicine,yes,usa gov search,https://www.ncbi.nlm.nih.gov/pmc/articles/PMC2443720/
164,U.S. Department of Health and Human Services,U.S. National Library of Medicine,yes,usa gov search,https://www.ncbi.nlm.nih.gov/pmc/articles/PMC2603519/
165,U.S. Department of Health and Human Services,U.S. National Library of Medicine,yes,usa gov search,https://www.ncbi.nlm.nih.gov/pmc/articles/PMC2669431/
166,U.S. Department of Health and Human Services,U.S. National Library of Medicine,yes,usa gov search,https://www.ncbi.nlm.nih.gov/pmc/articles/PMC2679249/
167,U.S. Department of Health and Human Services,U.S. National Library of Medicine,yes,usa gov search,https://www.ncbi.nlm.nih.gov/pmc/articles/PMC2902177/
168,U.S. Department of Health and Human Services,U.S. National Library of Medicine,yes,usa gov search,https://www.ncbi.nlm.nih.gov/pmc/articles/PMC3043071/
169,U.S. Department of Health and Human Services,U.S. National Library of Medicine,yes,usa gov search,https://www.ncbi.nlm.nih.gov/pmc/articles/PMC3075534/
170,U.S. Department of Health and Human Services,U.S. National Library of Medicine,yes,usa gov search,https://www.ncbi.nlm.nih.gov/pmc/articles/PMC3093259/
171,U.S. Department of Health and Human Services,U.S. National Library of Medicine,yes,usa gov search,https://www.ncbi.nlm.nih.gov/pmc/articles/PMC3138983/
172,U.S. Department of Health and Human Services,U.S. National Library of Medicine,yes,usa gov search,https://www.ncbi.nlm.nih.gov/pmc/articles/PMC3215279/
173,U.S. Department of Health and Human Services,U.S. National Library of Medicine,yes,usa gov search,https://www.ncbi.nlm.nih.gov/pmc/articles/PMC3232420/
174,U.S. Department of Health and Human Services,U.S. National Library of Medicine,yes,usa gov search,https://www.ncbi.nlm.nih.gov/pmc/articles/PMC3312187/
175,U.S. Department of Health and Human Services,U.S. National Library of Medicine,yes,usa gov search,https://www.ncbi.nlm.nih.gov/pmc/articles/PMC3320670/
176,U.S. Department of Health and Human Services,U.S. National Library of Medicine,yes,usa gov search,https://www.ncbi.nlm.nih.gov/pmc/articles/PMC3328998/
177,U.S. Department of Health and Human Services,U.S. National Library of Medicine,yes,usa gov search,https://www.ncbi.nlm.nih.gov/pmc/articles/PMC3337964/
178,U.S. Department of Health and Human Services,U.S. National Library of Medicine,yes,usa gov search,https://www.ncbi.nlm.nih.gov/pmc/articles/PMC3432799/
179,U.S. Department of Health and Human Services,U.S. National Library of Medicine,yes,usa gov search,https://www.ncbi.nlm.nih.gov/pmc/articles/PMC3607666/
180,U.S. Department of Health and Human Services,U.S. National Library of Medicine,yes,usa gov search,https://www.ncbi.nlm.nih.gov/pmc/articles/PMC3662085/
181,U.S. Department of Health and Human Services,U.S. National Library of Medicine,yes,usa gov search,https://www.ncbi.nlm.nih.gov/pmc/articles/PMC3721165/
182,U.S. Department of Health and Human Services,U.S. National Library of Medicine,yes,usa gov search,https://www.ncbi.nlm.nih.gov/pmc/articles/PMC3777637/
183,U.S. Department of Health and Human Services,U.S. National Library of Medicine,yes,usa gov search,https://www.ncbi.nlm.nih.gov/pmc/articles/PMC3780721/
184,U.S. Department of Health and Human Services,U.S. National Library of Medicine,yes,usa gov search,https://www.ncbi.nlm.nih.gov/pmc/articles/PMC3912575/
185,U.S. Department of Health and Human Services,U.S. National Library of Medicine,yes,usa gov search,https://www.ncbi.nlm.nih.gov/pmc/articles/PMC3935708/
186,U.S. Department of Health and Human Services,U.S. National Library of Medicine,yes,usa gov search,https://www.ncbi.nlm.nih.gov/pmc/articles/PMC3935714/
187,U.S. Department of Health and Human Services,U.S. National Library of Medicine,yes,usa gov search,https://www.ncbi.nlm.nih.gov/pmc/articles/PMC3953767/
188,U.S. Department of Health and Human Services,U.S. National Library of Medicine,yes,usa gov search,https://www.ncbi.nlm.nih.gov/pmc/articles/PMC4059824/
189,U.S. Department of Health and Human Services,U.S. National Library of Medicine,yes,usa gov search,https://www.ncbi.nlm.nih.gov/pmc/articles/PMC4098056/
190,U.S. Department of Health and Human Services,U.S. National Library of Medicine,yes,usa gov search,https://www.ncbi.nlm.nih.gov/pmc/articles/PMC4144327/
191,U.S. Department of Health and Human Services,U.S. National Library of Medicine,yes,usa gov search,https://www.ncbi.nlm.nih.gov/pmc/articles/PMC4186699/
192,U.S. Department of Health and Human Services,U.S. National Library of Medicine,yes,usa gov search,https://www.ncbi.nlm.nih.gov/pmc/articles/PMC4204396/
193,U.S. Department of Health and Human Services,U.S. National Library of Medicine,yes,usa gov search,https://www.ncbi.nlm.nih.gov/pmc/articles/PMC4205968/
194,U.S. Department of Health and Human Services,U.S. National Library of Medicine,yes,usa gov search,https://www.ncbi.nlm.nih.gov/pmc/articles/PMC4233412/
195,U.S. Department of Health and Human Services,U.S. National Library of Medicine,yes,usa gov search,https://www.ncbi.nlm.nih.gov/pmc/articles/PMC4244881/
196,U.S. Department of Health and Human Services,U.S. National Library of Medicine,yes,usa gov search,https://www.ncbi.nlm.nih.gov/pmc/articles/PMC4255587/
197,U.S. Department of Health and Human Services,U.S. National Library of Medicine,yes,usa gov search,https://www.ncbi.nlm.nih.gov/pmc/articles/PMC4261554/
198,U.S. Department of Health and Human Services,U.S. National Library of Medicine,yes,usa gov search,https://www.ncbi.nlm.nih.gov/pmc/articles/PMC4276565/
199,U.S. Department of Health and Human Services,U.S. National Library of Medicine,yes,usa gov search,https://www.ncbi.nlm.nih.gov/pmc/articles/PMC4301205/
200,U.S. Department of Health and Human Services,U.S. National Library of Medicine,yes,usa gov search,https://www.ncbi.nlm.nih.gov/pmc/articles/PMC4337813/
201,U.S. Department of Health and Human Services,U.S. National Library of Medicine,yes,usa gov search,https://www.ncbi.nlm.nih.gov/pmc/articles/PMC4442681/
202,U.S. Department of Health and Human Services,U.S. National Library of Medicine,yes,usa gov search,https://www.ncbi.nlm.nih.gov/pmc/articles/PMC4456196/
203,U.S. Department of Health and Human Services,U.S. National Library of Medicine,yes,usa gov search,https://www.ncbi.nlm.nih.gov/pmc/articles/PMC4498477/
204,U.S. Department of Health and Human Services,U.S. National Library of Medicine,yes,usa gov search,https://www.ncbi.nlm.nih.gov/pmc/articles/PMC4532395/
205,U.S. Department of Health and Human Services,U.S. National Library of Medicine,yes,usa gov search,https://www.ncbi.nlm.nih.gov/pmc/articles/PMC4542896/
206,U.S. Department of Health and Human Services,U.S. National Library of Medicine,yes,usa gov search,https://www.ncbi.nlm.nih.gov/pmc/articles/PMC4695779/
207,U.S. Department of Health and Human Services,U.S. National Library of Medicine,yes,usa gov search,https://www.ncbi.nlm.nih.gov/pmc/articles/PMC4701471/
208,U.S. Department of Health and Human Services,U.S. National Library of Medicine,yes,usa gov search,https://www.ncbi.nlm.nih.gov/pmc/articles/PMC4706747/
209,U.S. Department of Health and Human Services,U.S. National Library of Medicine,yes,usa gov search,https://www.ncbi.nlm.nih.gov/pmc/articles/PMC4714514/
210,U.S. Department of Health and Human Services,U.S. National Library of Medicine,yes,usa gov search,https://www.ncbi.nlm.nih.gov/pmc/articles/PMC4719579/
211,U.S. Department of Health and Human Services,U.S. National Library of Medicine,yes,usa gov search,https://www.ncbi.nlm.nih.gov/pmc/articles/PMC4770844/
212,U.S. Department of Health and Human Services,U.S. National Library of Medicine,yes,usa gov search,https://www.ncbi.nlm.nih.gov/pmc/articles/PMC4790470/
213,U.S. Department of Health and Human Services,U.S. National Library of Medicine,yes,usa gov search,https://www.ncbi.nlm.nih.gov/pmc/articles/PMC4869243/
214,U.S. Department of Health and Human Services,U.S. National Library of Medicine,yes,usa gov search,https://www.ncbi.nlm.nih.gov/pmc/articles/PMC4887282/
215,U.S. Department of Health and Human Services,U.S. National Library of Medicine,yes,usa gov search,https://www.ncbi.nlm.nih.gov/pmc/articles/PMC4984311/
216,U.S. Department of Health and Human Services,U.S. National Library of Medicine,yes,usa gov search,https://www.ncbi.nlm.nih.gov/pubmed/12866682
217,U.S. Department of Health and Human Services,U.S. National Library of Medicine,yes,usa gov search,https://www.ncbi.nlm.nih.gov/pubmed/17287185
218,U.S. Department of Health and Human Services,U.S. National Library of Medicine,yes,usa gov search,https://www.ncbi.nlm.nih.gov/pubmed/21364939
219,U.S. Department of Health and Human Services,U.S. National Library of Medicine,yes,usa gov search,https://www.ncbi.nlm.nih.gov/pubmed/27865341
220,U.S. Department of Health and Human Services,U.S. National Library of Medicine,yes,usa gov search,https://www.ncbi.nlm.nih.gov/pubmed/4056398/
221,U.S. Department of Veterans Affairs,U.S. Department of Veterans Affairs,yes,usa gov search,https://www.northerncalifornia.va.gov/NORTHERNCALIFORNIA/services/lgbt/index.asp
222,U.S. Department of the Interior,National Park Service,yes,usa gov search,https://www.nps.gov/articles/kentucky-statewide-lgbtq-historic-context-narrative.htm
223,U.S. Department of the Interior,National Park Service,yes,wip search,https://www.nps.gov/articles/lgbtqheritageadminhist.htm
224,U.S. Department of the Interior,National Park Service,yes,usa gov search,https://www.nps.gov/articles/lgbtqtheme-art.htm
225,U.S. Department of the Interior,National Park Service,yes,usa gov search,https://www.nps.gov/articles/lgbtqtheme-heritage.htm
226,U.S. Department of the Interior,National Park Service,yes,usa gov search,https://www.nps.gov/articles/lgbtqtheme-history.htm
227,U.S. Department of the Interior,National Park Service,yes,usa gov search,https://www.nps.gov/articles/lgbtqtheme-prologue.htm
228,U.S. Department of the Interior,National Park Service,yes,usa gov search,https://www.nps.gov/articles/lgbtqtheme-reno.htm
229,U.S. Department of the Interior,National Park Service,yes,usa gov search,https://www.nps.gov/articles/lgbtqtheme-sport.htm
230,U.S. Department of the Interior,National Park Service,yes,usa gov search,https://www.nps.gov/articles/lgbtqtheme-transgender.htm
231,U.S. Department of the Interior,National Park Service,yes,usa gov search,https://www.nps.gov/articles/series.htm?id=4DFF8155-1DD8-B71B-0B4C2713F34EA25C
232,U.S. Department of the Interior,National Park Service,yes,usa gov search,https://www.nps.gov/history/heritageinitiatives/LGBThistory/index.html
233,U.S. Department of the Interior,National Park Service,yes,usa gov search,https://www.nps.gov/ston/index.htm
234,U.S. Department of the Interior,National Park Service,yes,wip search,https://www.nps.gov/subjects/tellingallamericansstories/lgbtqheritage.htm
235,U.S. Department of the Interior,National Park Service,yes,usa gov search,https://www.nps.gov/subjects/tellingallamericansstories/lgbtqthemestudy.htm
236,U.S. Office of Personnel Management,U.S. Office of Personnel Management,yes,wip search,https://www.opm.gov/faqs/topic/benefitsforlgbt/index.aspx?cid=f2dde4b1-d1bf-413f-b3e8-33d46eec6a0c
237,U.S. Department of Justice,Office for Victims of Crime,yes,usa gov search,https://www.ovc.gov/pubs/forge/index.html
238,U.S. Department of Justice,Office for Victims of Crime,yes,usa gov search,https://www.ovc.gov/pubs/forge/sexual_assault.html
239,U.S. Department of Justice,Office for Victims of Crime,yes,usa gov search,https://www.ovc.gov/pubs/forge/sexual_ch_e.html
240,U.S. Department of Justice,Office for Victims of Crime,yes,usa gov search,https://www.ovc.gov/pubs/forge/sexual_gender.html
241,U.S. Department of Justice,Office for Victims of Crime,yes,usa gov search,https://www.ovc.gov/pubs/forge/sexual_numbers.html
242,U.S. Department of Justice,Office for Victims of Crime,yes,usa gov search,https://www.ovc.gov/pubs/forge/tips_disclosure.html
243,U.S. Department of Justice,Office for Victims of Crime,yes,usa gov search,https://www.ovc.gov/pubs/forge/tips_outreach.html
244,U.S. Department of Justice,Office for Victims of Crime,yes,usa gov search,https://www.ovc.gov/pubs/forge/transgender_community.html
245,U.S. Department of Justice,Office for Victims of Crime,yes,usa gov search,https://www.ovc.gov/pubs/forge/transgender_notes.html
246,U.S. Department of Justice,Office for Victims of Crime,yes,usa gov search,https://www.ovc.gov/pubs/forge/transgender_physical.html
247,U.S. Department of Justice,Office for Victims of Crime,yes,usa gov search,https://www.ovc.gov/pubs/forge/transgender_prejudice.html
248,U.S. Department of Justice,Office for Victims of Crime,yes,usa gov search,https://www.ovc.gov/pubs/forge/transgender.html
249,U.S. Department of Justice,Office for Victims of Crime Training and Technical Assistance Center,yes,wip search,https://www.ovcttac.gov/taskforceguide/eguide/4-supporting-victims/45-victim-populations/lgbtq-victims/
250,U.S. Department of Veterans Affairs,U.S. Department of Veterans Affairs,yes,usa gov search,https://www.paloalto.va.gov/services/lgbt.asp
251,U.S. Department of Veterans Affairs,U.S. Department of Veterans Affairs,yes,usa gov search,https://www.paloalto.va.gov/services/lgbt/index.asp
252,U.S. Department of Veterans Affairs,U.S. Department of Veterans Affairs,yes,usa gov search,https://www.patientcare.va.gov/LGBT/
253,U.S. Department of Veterans Affairs,U.S. Department of Veterans Affairs,yes,usa gov search,https://www.patientcare.va.gov/LGBT/index.asp
254,U.S. Department of Veterans Affairs,U.S. Department of Veterans Affairs,yes,usa gov search,https://www.patientcare.va.gov/LGBT/LGBT_Veteran_Training.asp
255,U.S. Department of Veterans Affairs,U.S. Department of Veterans Affairs,yes,usa gov search,https://www.patientcare.va.gov/LGBT/VA_LGBT_Outreach.asp
256,U.S. Department of Veterans Affairs,U.S. Department of Veterans Affairs,yes,usa gov search,https://www.patientcare.va.gov/LGBT/VA_LGBT_Policies.asp
257,Peace Corps,Peace Corps,yes,usa gov search,https://www.peacecorps.gov/faqs/lgbtq/
258,U.S. Department of Veterans Affairs,U.S. Department of Veterans Affairs,yes,usa gov search,https://www.phoenix.va.gov/patients/LGBT_Program.asp
259,U.S. Department of Veterans Affairs,U.S. Department of Veterans Affairs,yes,usa gov search,https://www.reno.va.gov/services/LGBT/Index.asp
260,U.S. Department of Health and Human Services,Substance Abuse and Mental Health Services Administration,yes,usa gov search,https://www.samhsa.gov/behavioral-health-equity/lgbt
261,U.S. Department of Veterans Affairs,U.S. Department of Veterans Affairs,yes,usa gov search,https://www.sanfrancisco.va.gov/services/lgbt/index.asp
262,U.S. Small Business Administration,U.S. Small Business Administration,yes,usa gov search,https://www.sba.gov/business-guide/grow-your-business/lgbt-owned-businesses
263,U.S. Department of Veterans Affairs,U.S. Department of Veterans Affairs,yes,usa gov search,https://www.shreveport.va.gov/services/lgbt/index.asp
264,U.S. Social Security Administration,Office of the Inspector General,yes,usa gov search,https://www.ssa.gov/people/same-sexcouples/
265,U.S. Department of Health and Human Services,Stop Bullying,yes,usa gov search,https://www.stopbullying.gov/at-risk/groups/lgbt/index.html
266,U.S. Department of Veterans Affairs,U.S. Department of Veterans Affairs,yes,usa gov search,https://www.syracuse.va.gov/services/lgbt/index.asp
267,U.S. Department of Homeland Security,Transportation Security Administration,yes,usa gov search,https://www.tsa.gov/transgender-passengers
268,U.S. Department of Homeland Security,U.S. Citizenship and Immigration Services,yes,usa gov search,https://www.uscis.gov/family/same-sex-marriages
269,U.S. Department of Veterans Affairs,U.S. Department of Veterans Affairs,yes,usa gov search,https://www.va.gov/womenvet/resources/faq06.asp
270,U.S. Department of Veterans Affairs,U.S. Department of Veterans Affairs,yes,usa gov search,https://www.washingtondc.va.gov/services/lgbt/index.asp
271,U.S. Department of Veterans Affairs,U.S. Department of Veterans Affairs,yes,usa gov search,https://www.wichita.va.gov/patients/lgbt.asp
272,U.S. Department of Health and Human Services,Office on Women's Health,yes,usa gov search,https://www.womenshealth.gov/30-achievements/29
273,U.S. Department of Health and Human Services,Office on Women's Health,yes,usa gov search,https://www.womenshealth.gov/a-z-topics/
274,U.S. Department of Education,Office for Civil Rights,yes,wip search,https://www2.ed.gov/about/offices/list/ocr/lgbt.html
275,Interagency Working Group,youth.gov,yes,wip search,https://youth.gov/collaboration-profiles/lgbtq
276,Interagency Working Group,youth.gov,yes,wip search,https://youth.gov/collaboration-profiles/lgbtq/best-practices
277,Interagency Working Group,youth.gov,yes,wip search,https://youth.gov/collaboration-profiles/lgbtq/collaboration-structure
278,Interagency Working Group,youth.gov,yes,usa gov search,https://youth.gov/topic/lgbtq
279,Interagency Working Group,youth.gov,yes,usa gov search,https://youth.gov/youth-topics/lgbtq-youth
280,Interagency Working Group,youth.gov,yes,usa gov search,https://youth.gov/youth-topics/lgbtq-youth/homelessness
281,Interagency Working Group,youth.gov,yes,usa gov search,https://youth.gov/youth-topics/lgbtq-youth/school-experiences
282,Interagency Working Group,youth.gov,yes,usa gov search,https://youth.gov/youth-topics/runaway-and-homeless-youth/lgbt
NaN,Peace Corps,Peace Corps,"no, blog",usa gov search,https://www.peacecorps.gov/stories/what-its-like-to-serve-as-a-queer-volunteer/
NaN,NaN,NaN,"no, congress",usa gov search,https://bookstore.gpo.gov/catalog/lgbt
NaN,U.S. Department of Health and Human Services,NaN,"no, not related",usa gov search,https://rarediseases.info.nih.gov/diseases/2446/gay-feinmesser-cohen-syndrome
NaN,U.S. Department of Veterans Affairs,U.S. Department of Veterans Affairs,"no, pdf",usa gov search,https://www.va.gov/vhapublications/ViewPublication.asp?pub_ID=5438
NaN,U.S. Department of Veterans Affairs,U.S. Department of Veterans Affairs,"no, pdf",usa gov search,https://www.va.gov/vhapublications/ViewPublication.asp?pub_ID=6431
NaN,U.S. Department of Health and Human Services,NaN,"no, too general",usa gov search,https://www.samhsa.gov/
NaN,U.S. Department of Health and Human Services,Centers for Disease Control and Prevention,"no, too general",usa gov search,https://www.cdc.gov/
NaN,U.S. Department of Health and Human Services,Medicare,"no, too general",usa gov search,https://www.medicare.gov/
NaN,U.S. Department of Health and Human Services,NaN,"no, too general",usa gov search,https://www.nimh.nih.gov/index.shtml
NaN,U.S. Department of Veterans Affairs,Office of Diversity and Inclusion,"no, pptx",usa gov search,http://www.diversity.va.gov/programs/files/lgbt/SVAC-briefing.pptx
NaN,U.S. Department of Veterans Affairs,U.S. Department of Veterans Affairs,"no, redirect",usa gov search,https://www.benefits.va.gov/persona/lgb.asp
NaN,U.S. Department of Labor,U.S. Bureau of Labor Statistics,"no, not relevant",usa gov search,https://www.bls.gov/nls/matureyoungwomen.htm
NaN,National Aeronautics and Space Administration,NaN,"no, too general",usa gov search,https://www.nasa.gov/